Symbol,Name,Last Sale,Net Change,% Change,Market Cap,Country,IPO Year,Volume,Sector,Industry
AAL,American Airlines Group Inc. Common Stock,$17.29,-0.58,-3.246%,11230111722.00,United States,,32572235,Consumer Discretionary,Air Freight/Delivery Services
AAON,AAON Inc. Common Stock,$54.36,0.78,1.456%,2884949236.00,United States,,148342,Industrials,Industrial Machinery/Components
AAPL,Apple Inc. Common Stock,$148.71,-0.13,-0.087%,2578235831400.00,United States,1980,74139458,Technology,Computer Manufacturing
ABCB,Ameris Bancorp Common Stock,$45.01,-0.58,-1.272%,3125304413.00,United States,1994,220000,Finance,Major Banks
ABMD,ABIOMED Inc. Common Stock,$255.36,-8.34,-3.163%,11635206952.00,United States,,247582,Health Care,Medical/Dental Instruments
ABNB,Airbnb Inc. Class A Common Stock,$116.72,-4.15,-3.433%,69611692097.00,United States,2020,6877136,Consumer Discretionary,Hotels/Resorts
ACAD,ACADIA Pharmaceuticals Inc. Common Stock,$16.37,0.22,1.362%,2642598623.00,United States,2004,1454344,Health Care,Biotechnology: Pharmaceutical Preparations
ACHC,Acadia Healthcare Company Inc. Common Stock,$68.93,-2.24,-3.147%,6240004466.00,United States,,421817,Health Care,Hospital/Nursing Management
ACIW,ACI Worldwide Inc. Common Stock,$27.13,0.49,1.839%,3114159454.00,United States,,1092645,Technology,Computer Software: Prepackaged Software
ACLS,Axcelis Technologies Inc. Common Stock,$61.22,-0.84,-1.354%,2021510112.00,United States,2000,256234,Technology,Industrial Machinery/Components
ACT,Enact Holdings Inc. Common Stock,$24.06,-0.26,-1.069%,3917983789.00,United States,2021,454253,Finance,Specialty Insurers
ADBE,Adobe Inc. Common Stock,$418.16,1.68,0.403%,197580600000.00,United States,1986,3409214,Technology,Computer Software: Prepackaged Software
ADI,Analog Devices Inc. Common Stock,$164.77,-3.63,-2.156%,85648439234.00,United States,,3281348,Technology,Semiconductors
ADP,Automatic Data Processing Inc. Common Stock,$219.32,-3.62,-1.624%,91620305377.00,United States,,1398737,Consumer Discretionary,Business Services
ADSK,Autodesk Inc. Common Stock,$207.38,-0.37,-0.178%,45110778293.00,United States,,1417576,Technology,Computer Software: Prepackaged Software
AEIS,Advanced Energy Industries Inc. Common Stock,$79.84,-1.62,-1.989%,2998736029.00,United States,1995,108638,Consumer Discretionary,Electrical Products
AEP,American Electric Power Company Inc. Common Stock,$102.04,0.01,0.01%,52402047719.00,United States,,2234459,Utilities,Electric Utilities: Central
AFRM,Affirm Holdings Inc. Class A Common Stock,$24.32,-4.18,-14.667%,6965986574.00,United States,2021,27439245,Technology,EDP Services
AGNC,AGNC Investment Corp. Common Stock,$12.17,-0.06,-0.491%,6369288401.00,United States,2008,10238585,Real Estate,Real Estate Investment Trusts
AHCO,AdaptHealth Corp. Common Stock,$17.65,-0.34,-1.89%,2370202033.00,United States,2018,757764,Health Care,Biotechnology: Electromedical & Electrotherapeutic Apparatus
AIMC,Altra Industrial Motion Corp. Common Stock,$39.28,0.07,0.179%,2555521330.00,United States,2006,261471,Industrials,Industrial Machinery/Components
AKAM,Akamai Technologies Inc. Common Stock,$101.13,0.09,0.089%,16211664168.00,United States,1999,1367775,Consumer Discretionary,Business Services
ALGM,Allegro MicroSystems Inc. Common Stock,$25.35,-0.40,-1.553%,4829190971.00,United States,2020,1429824,Technology,Semiconductors
ALGN,Align Technology Inc. Common Stock,$265.17,-12.47,-4.491%,20896866898.00,United States,2001,1106492,Health Care,Industrial Specialties
ALGT,Allegiant Travel Company Common Stock,$145.65,-3.80,-2.543%,2638774695.00,United States,2006,196062,Consumer Discretionary,Air Freight/Delivery Services
ALNY,Alnylam Pharmaceuticals Inc. Common Stock,$123.05,-2.75,-2.186%,14866108435.00,United States,2004,489080,Health Care,Biotechnology: Pharmaceutical Preparations
ALRM,Alarm.com Holdings Inc. Common Stock,$63.44,0.21,0.332%,3177537614.00,United States,2015,191723,Technology,Computer Software: Prepackaged Software
ALTR,Altair Engineering Inc. Class A Common Stock,$53.97,-0.99,-1.801%,4305177347.00,United States,2017,333026,Technology,Computer Software: Prepackaged Software
AMAT,Applied Materials Inc. Common Stock,$114.46,-2.83,-2.413%,99574165325.00,United States,1972,6851602,Technology,Semiconductors
AMBA,Ambarella Inc. Ordinary Shares,$83.41,-1.81,-2.124%,3176327869.00,United States,2012,1588882,Technology,Semiconductors
AMD,Advanced Micro Devices Inc. Common Stock,$101.22,-0.64,-0.628%,164721882770.00,United States,,99280427,Technology,Semiconductors
AMED,Amedisys Inc Common Stock,$115.52,-0.39,-0.336%,3762812166.00,United States,,440627,Health Care,Medical/Nursing Services
AMGN,Amgen Inc. Common Stock,$253.42,-3.32,-1.293%,135376947021.00,United States,1983,2664576,Health Care,Biotechnology: Pharmaceutical Preparations
AMPL,Amplitude Inc. Class A Common Stock,$18.58,-0.26,-1.38%,2072038479.00,United States,,651930,Technology,EDP Services
AMZN,Amazon.com Inc. Common Stock,$2433.68,29.49,1.227%,1238062860200.00,United States,1997,6362825,Consumer Discretionary,Catalog/Specialty Distribution
ANGI,Angi Inc. Class A Common Stock,$5.48,-0.01,-0.182%,2752830434.00,United States,,903715,Technology,EDP Services
ANSS,ANSYS Inc. Common Stock,$254.92,-5.44,-2.089%,22175521390.00,United States,1996,401408,Technology,Computer Software: Prepackaged Software
APA,APA Corporation Common Stock,$47.62,0.61,1.298%,16106627459.00,United States,,9249475,Energy,Oil & Gas Production
APLS,Apellis Pharmaceuticals Inc. Common Stock,$41.35,-0.10,-0.241%,4404677174.00,United States,2017,916641,Health Care,Biotechnology: Pharmaceutical Preparations
APP,Applovin Corporation Class A Common Stock,$38.31,0.20,0.525%,14482939617.00,United States,2021,2981116,Technology,EDP Services
APPF,AppFolio Inc. Class A Common Stock,$102.68,2.50,2.496%,3583511772.00,United States,2015,132080,Technology,EDP Services
APPN,Appian Corporation Class A Common Stock,$47.41,-0.36,-0.754%,3430023326.00,United States,2017,492090,Technology,EDP Services
ARCC,Ares Capital Corporation Common Stock,$19.51,0.13,0.671%,9650690195.00,United States,2004,2524945,Finance,Finance/Investors Services
ARLP,Alliance Resource Partners L.P. Common Units representing Limited Partners Interests,$20.43,0.58,2.922%,2598598324.00,United States,1999,511150,Energy,Coal Mining
ARVN,Arvinas Inc. Common Stock,$40.95,-0.74,-1.775%,2177146144.00,United States,2018,479932,Health Care,Biotechnology: Pharmaceutical Preparations
ARWR,Arrowhead Pharmaceuticals Inc. Common Stock,$33.05,-0.31,-0.929%,3494581410.00,United States,,791032,Health Care,Biotechnology: Pharmaceutical Preparations
ASO,Academy Sports and Outdoors Inc. Common Stock,$33.89,0.38,1.134%,2897055878.00,United States,2020,1873322,Consumer Discretionary,Recreational Games/Products/Toys
ATSG,Air Transport Services Group Inc,$30.28,0.06,0.199%,2251985311.00,United States,,355734,Consumer Discretionary,Air Freight/Delivery Services
ATVI,Activision Blizzard Inc. Common Stock,$77.41,-0.47,-0.603%,60525444748.00,United States,,4173729,Consumer Discretionary,Recreational Games/Products/Toys
AUB,Atlantic Union Bankshares Corporation Common Stock,$33.88,-1.38,-3.914%,2541477810.00,United States,,313647,Finance,Major Banks
AUR,Aurora Innovation Inc. Class A Common Stock,$3.02,-0.14,-4.43%,3434182043.00,United States,2021,3430782,Technology,EDP Services
AVAV,AeroVironment Inc. Common Stock,$91.14,-0.82,-0.892%,2270692310.00,United States,2007,251971,Industrials,Aerospace
AVGO,Broadcom Inc. Common Stock,$573.62,-6.51,-1.122%,241721747714.00,United States,2009,1834161,Technology,Semiconductors
AVT,Avnet Inc. Common Stock,$47.77,-0.68,-1.404%,4666256194.00,United States,,1020322,Technology,Electronic Components
AXNX,Axonics Inc. Common Stock,$50.00,0.00,0.00%,2353504850.00,United States,2018,311952,Health Care,Medical/Dental Instruments
AXON,Axon Enterprise Inc. Common Stock,$99.35,-2.01,-1.983%,7054987657.00,United States,2001,274817,Consumer Discretionary,Military/Government/Technical
AZPN,Aspen Technology Inc. Common Stock,$200.19,6.70,3.463%,12445549851.00,United States,,337225,Technology,EDP Services
AZTA,Azenta Inc.,$74.91,-1.73,-2.257%,5617408386.00,United States,,577554,Health Care,Medical/Dental Instruments
BANF,BancFirst Corporation Common Stock,$90.22,-0.51,-0.562%,2953052621.00,United States,1993,83477,Finance,Major Banks
BCPC,Balchem Corporation Common Stock,$123.97,-0.46,-0.37%,3981626186.00,United States,,129835,Industrials,Industrial Specialties
BEAM,Beam Therapeutics Inc. Common Stock,$34.03,-1.15,-3.269%,2391177877.00,United States,2020,979691,Consumer Discretionary,Specialty Chemicals
BECN,Beacon Roofing Supply Inc. Common Stock,$61.48,0.07,0.114%,4226239040.00,United States,2004,648070,Consumer Discretionary,Wholesale Distributors
BHF,Brighthouse Financial Inc. Common Stock,$48.56,-0.56,-1.14%,3636847250.00,United States,,497442,Finance,Life Insurance
BIIB,Biogen Inc. Common Stock,$200.00,0.00,0.00%,29290402600.00,United States,,1055288,Health Care,Biotechnology: Pharmaceutical Preparations
BKNG,Booking Holdings Inc. Common Stock,$2238.57,-4.99,-0.222%,90938002184.00,United States,,258540,Consumer Discretionary,Other Consumer Services
BKR,Baker Hughes Company Class A Common Stock,$37.41,1.43,3.974%,36832990517.00,United States,,8349842,Energy,Oilfield Services/Equipment
BL,BlackLine Inc. Common Stock,$72.73,-0.49,-0.669%,4313773615.00,United States,2016,663053,Technology,Computer Software: Prepackaged Software
BLKB,Blackbaud Inc. Common Stock,$63.76,0.11,0.173%,3375648677.00,United States,2004,255091,Technology,Computer Software: Prepackaged Software
BMBL,Bumble Inc. Class A Common Stock,$28.51,0.01,0.035%,3692629997.00,United States,2021,2181709,Technology,Computer Software: Prepackaged Software
BMRN,BioMarin Pharmaceutical Inc. Common Stock,$74.37,-0.76,-1.012%,13758104031.00,United States,1999,1381267,Health Care,Biotechnology: Pharmaceutical Preparations
BOKF,BOK Financial Corporation Common Stock,$84.58,-1.59,-1.845%,5760239957.00,United States,,211935,Finance,Major Banks
BPMC,Blueprint Medicines Corporation Common Stock,$56.04,1.04,1.891%,3338333454.00,United States,2015,759705,Health Care,Biotechnology: Pharmaceutical Preparations
BPOP,Popular Inc. Common Stock,$80.87,-0.29,-0.357%,6192454790.00,United States,,489989,Finance,Major Banks
BRKR,Bruker Corporation Common Stock,$61.41,-1.07,-1.713%,9165775588.00,United States,,495321,Industrials,Biotechnology: Laboratory Analytical Instruments
BRZE,Braze Inc. Class A Common Stock,$34.12,0.68,2.033%,3200754755.00,United States,2021,547522,Technology,Computer Software: Prepackaged Software
BSY,Bentley Systems Incorporated Class B Common Stock,$34.37,-0.01,-0.029%,9882553754.00,United States,2020,1020957,Technology,Retail: Computer Software & Peripheral Equipment
CACC,Credit Acceptance Corporation Common Stock,$583.66,-11.65,-1.957%,7669046679.00,United States,1992,53203,Finance,Finance: Consumer Services
CALM,Cal-Maine Foods Inc. Common Stock,$47.34,-0.39,-0.817%,2316832997.00,United States,1996,425678,Consumer Staples,Farming/Seeds/Milling
CAR,Avis Budget Group Inc. Common Stock,$187.40,-2.88,-1.514%,9049034773.00,United States,,647304,Consumer Discretionary,Rental/Leasing Companies
CARG,CarGurus Inc. Class A Common Stock ,$25.43,0.11,0.434%,3010467738.00,United States,2017,1529582,Technology,Interactive Media
CASY,Casey's General Stores Inc. Common Stock,$207.25,-2.29,-1.093%,7691351329.00,United States,1983,233351,Miscellaneous,Diversified Commercial Services
CATY,Cathay General Bancorp Common Stock,$41.13,0.02,0.049%,3090923202.00,United States,,424231,Finance,Major Banks
CBRL,Cracker Barrel Old Country Store Inc Common Stock,$101.27,-0.74,-0.725%,2352081019.00,United States,1981,585015,Consumer Discretionary,Restaurants
CBSH,Commerce Bancshares Inc. Common Stock,$68.09,-1.09,-1.576%,8220799713.00,United States,,327617,Finance,Major Banks
CCMP,CMC Materials Inc. Common Stock,$178.73,1.79,1.012%,5113639740.00,United States,2000,332303,Technology,Semiconductors
CCOI,Cogent Communications Holdings Inc.,$60.15,-0.24,-0.397%,2883311423.00,United States,,167115,Consumer Discretionary,Telecommunications Equipment
CDEV,Centennial Resource Development Inc. Class A Common Stock,$8.52,0.58,7.305%,2428137378.00,United States,2016,14464725,Energy,Oil & Gas Production
CDNS,Cadence Design Systems Inc. Common Stock,$153.22,-0.51,-0.332%,42251793980.00,United States,,1072275,Technology,Computer Software: Prepackaged Software
CDW,CDW Corporation Common Stock,$171.21,1.35,0.795%,23133162421.00,United States,2013,793799,Technology,EDP Services
CEG,Constellation Energy Corporation Common Stock ,$63.65,1.57,2.529%,20794387340.00,United States,,2008631,Utilities,Power Generation
CELH,Celsius Holdings Inc. Common Stock,$65.87,-1.22,-1.818%,4964075508.00,United States,,733493,Consumer Staples,Beverages (Production/Distribution)
CENT,Central Garden & Pet Company Common Stock,$44.30,-0.88,-1.948%,2439971924.00,United States,1993,21874,,
CENTA,Central Garden & Pet Company Class A Common Stock Nonvoting,$41.53,-0.80,-1.89%,2287404831.00,United States,,103558,,
CERE,Cerevel Therapeutics Holdings Inc. Common Stock,$26.41,0.28,1.072%,3916323477.00,United States,2020,416600,Consumer Discretionary,Specialty Chemicals
CERN,Cerner Corporation Common Stock,$94.69,-0.16,-0.169%,27848148521.00,United States,1986,3318490,Health Care,Managed Health Care
CERT,Certara Inc. Common Stock,$19.33,-0.99,-4.872%,3089736234.00,United States,2020,813835,Technology,Retail: Computer Software & Peripheral Equipment
CFLT,Confluent Inc. Class A Common Stock,$20.82,-0.31,-1.467%,5795082626.00,United States,2021,2200671,Technology,EDP Services
CG,The Carlyle Group Inc. Common Stock,$38.47,-0.06,-0.156%,13913314448.00,United States,2012,1648732,Finance,Investment Managers
CGNX,Cognex Corporation Common Stock,$47.10,-1.32,-2.726%,8183068372.00,United States,1989,1399677,Industrials,Industrial Machinery/Components
CHDN,Churchill Downs Incorporated Common Stock,$203.78,1.35,0.667%,7748834352.00,United States,,177363,Consumer Discretionary,Services-Misc. Amusement & Recreation
CHK,Chesapeake Energy Corporation Common Stock,$100.00,2.62,2.69%,12718569700.00,United States,,1949564,Energy,Oil & Gas Production
CHNG,Change Healthcare Inc. Common Stock,$23.91,-0.18,-0.747%,7616445500.00,United States,2019,2054425,Health Care,Managed Health Care
CHRW,C.H. Robinson Worldwide Inc. Common Stock,$108.94,0.43,0.396%,13864375144.00,United States,1997,990067,Consumer Discretionary,Oil Refining/Marketing
CHTR,Charter Communications Inc. Class A Common Stock New,$495.38,-11.55,-2.278%,101502954302.00,United States,,1087428,Consumer Discretionary,Telecommunications Equipment
CHX,ChampionX Corporation Common Stock ,$23.55,0.28,1.203%,4790085213.00,United States,,1210970,Industrials,Construction/Ag Equipment/Trucks
CINF,Cincinnati Financial Corporation Common Stock,$126.11,-1.75,-1.369%,20222400199.00,United States,,374017,Finance,Property-Casualty Insurers
CLBK,Columbia Financial Inc. Common Stock,$20.52,-0.27,-1.299%,2300223237.00,United States,2018,134902,Finance,Commercial Banks
CMCSA,Comcast Corporation Class A Common Stock,$43.93,-0.35,-0.79%,196807047836.00,United States,,17980732,Consumer Discretionary,Telecommunications Equipment
CME,CME Group Inc. Class A Common Stock,$199.37,0.54,0.272%,71657820195.00,United States,2002,1617601,Finance,Investment Bankers/Brokers/Service
CNXC,Concentrix Corporation Common Stock,$155.59,0.70,0.452%,8163671314.00,United States,,253781,Technology,Computer Software: Prepackaged Software
COHR,Coherent Inc. Common Stock,$270.96,0.00,0.00%,6723173865.00,United States,,294264,Industrials,Biotechnology: Laboratory Analytical Instruments
COIN,Coinbase Global Inc. Class A Common Stock,$68.63,-9.47,-12.125%,17974197000.00,United States,,14583052,Technology,EDP Services
COLB,Columbia Banking System Inc. Common Stock,$29.85,-0.30,-0.995%,2347386747.00,United States,1992,947065,Finance,Major Banks
COLM,Columbia Sportswear Company Common Stock,$77.50,-0.28,-0.36%,4872333395.00,United States,1998,233945,Consumer Discretionary,Apparel
COOP,Mr. Cooper Group Inc. Common Stock,$42.65,-0.71,-1.637%,3152094952.00,United States,,692345,Finance,Finance: Consumer Services
CORT,Corcept Therapeutics Incorporated Common Stock,$20.74,-0.10,-0.48%,2203639850.00,United States,2004,901646,Health Care,Biotechnology: Pharmaceutical Preparations
COST,Costco Wholesale Corporation Common Stock,$456.99,-9.23,-1.98%,202459822710.00,United States,,2317070,Consumer Discretionary,Department/Specialty Retail Stores
COUP,Coupa Software Incorporated Common Stock,$68.69,-0.10,-0.145%,5187367345.00,United States,2016,2628936,Technology,Computer Software: Prepackaged Software
CPRT,Copart Inc. (DE) Common Stock,$112.91,-1.62,-1.414%,26835610556.00,United States,1994,948241,Consumer Discretionary,Other Specialty Stores
CROX,Crocs Inc. Common Stock,$55.94,0.18,0.323%,3444517527.00,United States,2006,1826398,Consumer Discretionary,Shoe Manufacturing
CRUS,Cirrus Logic Inc. Common Stock,$81.21,-0.33,-0.405%,4556587852.00,United States,1989,256044,Technology,Semiconductors
CRWD,CrowdStrike Holdings Inc. Class A Common Stock,$161.45,1.46,0.913%,37459412173.00,United States,2019,4971434,Technology,EDP Services
CSCO,Cisco Systems Inc. Common Stock (DE),$45.23,0.18,0.40%,187295803394.00,United States,1990,20663185,Telecommunications,Computer Communications Equipment
CSGP,CoStar Group Inc. Common Stock,$61.23,0.29,0.476%,24260874629.00,United States,1998,1724852,Finance,Real Estate
CSX,CSX Corporation Common Stock,$32.00,0.21,0.661%,69576318464.00,United States,,15230049,Industrials,Railroads
CTAS,Cintas Corporation Common Stock,$390.80,-7.53,-1.89%,39988575219.00,United States,1983,584149,Consumer Discretionary,Business Services
CTSH,Cognizant Technology Solutions Corporation Class A Common Stock,$74.18,-0.52,-0.696%,38660675303.00,United States,1998,2332473,Technology,EDP Services
CTXS,Citrix Systems Inc. Common Stock,$100.84,0.15,0.149%,12764319738.00,United States,1995,598879,Technology,Computer Software: Prepackaged Software
CVBF,CVB Financial Corporation Common Stock,$24.58,-0.20,-0.807%,3467181822.00,United States,,914179,Finance,Major Banks
CVET,Covetrus Inc. Common Stock,$20.68,-0.14,-0.672%,2885241256.00,United States,,2671712,Health Care,Other Pharmaceuticals
CVLT,Commvault Systems Inc. Common Stock,$62.25,1.24,2.032%,2776513780.00,United States,2006,245918,Technology,Computer Software: Prepackaged Software
CVT,Cvent Holding Corp. Common Stock,$4.96,-0.37,-6.942%,2387260197.00,United States,1987,373624,Technology,Computer Software: Prepackaged Software
CWST,Casella Waste Systems Inc. Class A Common Stock,$72.00,0.42,0.587%,3717987696.00,United States,1997,177128,Utilities,Environmental Services
CYTK,Cytokinetics Incorporated Common Stock,$40.47,0.57,1.429%,3466345060.00,United States,2004,476998,Health Care,Biotechnology: Pharmaceutical Preparations
CYXT,Cyxtera Technologies Inc. Class A Common Stock,$14.38,-0.44,-2.969%,2567784142.00,United States,2020,331598,Technology,EDP Services
CZR,Caesars Entertainment Inc. Common Stock,$49.56,-0.61,-1.216%,10623985849.00,United States,,2545850,Consumer Discretionary,Hotels/Resorts
DBX,Dropbox Inc. Class A Common Stock,$21.12,0.28,1.344%,7932757177.00,United States,2018,3425019,Technology,Computer Software: Prepackaged Software
DCT,Duck Creek Technologies Inc. Common Stock,$18.40,-0.17,-0.915%,2438433081.00,United States,2020,671727,Technology,Retail: Computer Software & Peripheral Equipment
DDOG,Datadog Inc. Class A Common Stock,$97.50,2.11,2.212%,30714194648.00,United States,2019,6666583,Technology,EDP Services
DIOD,Diodes Incorporated Common Stock,$75.54,-1.47,-1.909%,3417978096.00,United States,,396309,Technology,Semiconductors
DISH,DISH Network Corporation Class A Common Stock,$22.18,-0.65,-2.847%,11755289521.00,United States,1995,3100650,Consumer Discretionary,Telecommunications Equipment
DKNG,DraftKings Inc. Class A Common Stock,$13.51,-0.04,-0.295%,5908501390.00,United States,2019,17510099,Consumer Discretionary,Services-Misc. Amusement & Recreation
DLTR,Dollar Tree Inc. Common Stock,$161.01,0.68,0.424%,36155767356.00,United States,1995,2009726,Consumer Discretionary,Department/Specialty Retail Stores
DNLI,Denali Therapeutics Inc. Common Stock,$23.89,-0.40,-1.647%,2935929561.00,United States,2017,459664,Health Care,Biotechnology: Biological Products (No Diagnostic Substances)
DNUT,Krispy Kreme Inc. Common Stock,$14.90,0.08,0.54%,2492718178.00,United States,2021,935289,Consumer Discretionary,Specialty Foods
DOCU,DocuSign Inc. Common Stock,$82.12,-1.79,-2.133%,16416062281.00,United States,2018,2365974,Technology,EDP Services
DORM,Dorman Products Inc. Common Stock,$102.13,1.08,1.069%,3211806096.00,United States,,84873,Consumer Discretionary,Auto Parts:O.E.M.
DRVN,Driven Brands Holdings Inc. Common Stock,$28.83,-0.11,-0.38%,4829241830.00,United States,2021,788550,,
DSEY,Diversey Holdings Ltd. Ordinary Shares,$10.05,0.25,2.551%,3258116917.00,United States,2021,1298958,Consumer Discretionary,Specialty Chemicals
DUOL,Duolingo Inc. Class A Common Stock,$83.52,-0.09,-0.108%,3270755701.00,United States,2021,496854,Technology,Computer Software: Prepackaged Software
DXCM,DexCom Inc. Common Stock,$283.85,-14.09,-4.729%,445648737313.00,United States,2005,960701,Health Care,Medical Specialities
EA,Electronic Arts Inc. Common Stock,$139.53,0.88,0.635%,39053554706.00,United States,,2134542,Consumer Discretionary,Recreational Games/Products/Toys
EBAY,eBay Inc. Common Stock,$46.97,-1.70,-3.493%,26295785081.00,United States,1998,7174775,Consumer Discretionary,Catalog/Specialty Distribution
EBC,Eastern Bankshares Inc. Common Stock,$19.20,-0.27,-1.387%,3507359482.00,United States,2020,580436,Finance,Major Banks
EEFT,Euronet Worldwide Inc. Common Stock,$118.92,-2.24,-1.849%,6011465222.00,United States,1997,256067,Technology,EDP Services
ENPH,Enphase Energy Inc. Common Stock,$182.49,-3.70,-1.987%,24641303335.00,United States,2012,1479300,Technology,Electrical Products
ENSG,The Ensign Group Inc. Common Stock,$78.14,-3.03,-3.733%,4334978797.00,United States,2007,235259,Health Care,Hospital/Nursing Management
ENTG,Entegris Inc. Common Stock,$109.83,-1.13,-1.018%,14924039116.00,United States,2000,1504070,Technology,Semiconductors
EQIX,Equinix Inc. Common Stock REIT,$679.00,-8.09,-1.177%,61803803558.00,United States,2000,369829,Real Estate,Real Estate Investment Trusts
EQRX,EQRx Inc.  Common Stock,$5.69,0.13,2.338%,2775370457.00,United States,2021,2405273,Health Care,Biotechnology: Pharmaceutical Preparations
ERIE,Erie Indemnity Company Class A Common Stock,$165.26,-2.49,-1.484%,8641423586.00,United States,,72012,Finance,Specialty Insurers
ETSY,Etsy Inc. Common Stock,$80.94,-0.18,-0.222%,10289013317.00,United States,2015,4077840,Consumer Discretionary,Catalog/Specialty Distribution
EWBC,East West Bancorp Inc. Common Stock,$71.52,-2.02,-2.747%,10149291915.00,United States,,1018858,Finance,Commercial Banks
EXAS,Exact Sciences Corporation Common Stock,$48.48,-1.33,-2.67%,8529818933.00,United States,2001,2229050,Health Care,Biotechnology: Commercial Physical & Biological Resarch
EXC,Exelon Corporation Common Stock,$49.19,0.04,0.081%,48216510470.00,United States,,4850846,Utilities,Power Generation
EXEL,Exelixis Inc. Common Stock,$18.47,0.14,0.764%,5924081117.00,United States,2000,2796414,Health Care,Biotechnology: Commercial Physical & Biological Resarch
EXLS,ExlService Holdings Inc. Common Stock,$144.05,1.86,1.308%,4794875670.00,United States,2006,232959,Technology,Retail: Computer Software & Peripheral Equipment
EXPD,Expeditors International of Washington Inc. Common Stock,$107.84,-1.00,-0.919%,18090578851.00,United States,,870921,Consumer Discretionary,Oil Refining/Marketing
EXPE,Expedia Group Inc. Common Stock,$126.23,-3.10,-2.397%,19830459207.00,United States,,3398633,Consumer Discretionary,Other Consumer Services
EXPI,eXp World Holdings Inc. Common Stock,$13.61,-0.36,-2.577%,2034715565.00,United States,,1158487,Finance,Real Estate
EXPO,Exponent Inc. Common Stock,$89.34,-1.05,-1.162%,4629742369.00,United States,,360128,Consumer Discretionary,Professional Services
EYE,National Vision Holdings Inc. Common Stock,$27.44,-0.70,-2.488%,2234216963.00,United States,2017,776057,Health Care,Ophthalmic Goods
FA,First Advantage Corporation Common Stock,$14.46,-0.14,-0.959%,2212121571.00,United States,2021,428487,Consumer Discretionary,Business Services
FANG,Diamondback Energy Inc. Commmon Stock,$152.89,0.87,0.572%,27145808472.00,United States,2012,3190535,Energy,Oil & Gas Production
FAST,Fastenal Company Common Stock,$53.91,0.35,0.653%,31030921185.00,United States,1987,2812734,Basic Materials,Construction Materials
FATE,Fate Therapeutics Inc. Common Stock,$22.63,-0.47,-2.035%,2186716194.00,United States,2013,1661338,Health Care,Biotechnology: Biological Products (No Diagnostic Substances)
FB,Meta Platforms Inc. Class A Common Stock,$188.64,-5.00,-2.582%,510520843724.00,United States,2012,36544799,Technology,Internet and Information Services
FCFS,FirstCash Holdings Inc. Common Stock,$71.60,-3.05,-4.086%,3398447961.00,United States,1991,209214,Miscellaneous,Diversified Commercial Services
FCNCA,First Citizens BancShares Inc. Class A Common Stock,$693.82,-6.58,-0.939%,11102229418.00,United States,,86483,Finance,Major Banks
FELE,Franklin Electric Co. Inc. Common Stock,$74.38,0.66,0.895%,3444784742.00,United States,,140617,Consumer Discretionary,Metal Fabrications
FFIN,First Financial Bankshares Inc. Common Stock,$40.96,-0.28,-0.679%,5845776957.00,United States,,473052,Finance,Major Banks
FFIV,F5 Inc. Common Stock,$161.89,-1.15,-0.705%,9789815965.00,United States,1999,315537,Technology,EDP Services
FHB,First Hawaiian Inc. Common Stock,$25.32,-0.29,-1.132%,3242535233.00,United States,2016,368868,Finance,Major Banks
FIBK,First Interstate BancSystem Inc. Class A Common Stock,$37.45,-0.62,-1.629%,4100535994.00,United States,2010,1064008,Finance,Major Banks
FISV,Fiserv Inc. Common Stock,$99.16,-1.02,-1.018%,64096435485.00,United States,1986,2397405,Consumer Discretionary,Business Services
FITB,Fifth Third Bancorp Common Stock,$38.74,-0.69,-1.75%,26579028317.00,United States,,3594754,Finance,Major Banks
FIVE,Five Below Inc. Common Stock,$127.06,-3.53,-2.703%,7053398429.00,United States,2012,1433413,Consumer Discretionary,Department/Specialty Retail Stores
FIVN,Five9 Inc. Common Stock,$98.77,2.06,2.13%,6870186867.00,United States,2014,874019,Technology,EDP Services
FIZZ,National Beverage Corp. Common Stock,$48.60,-1.03,-2.075%,4536102676.00,United States,,182923,Consumer Staples,Beverages (Production/Distribution)
FLYW,Flywire Corporation Voting Common Stock,$19.46,0.15,0.777%,2086401876.00,United States,2021,878094,Technology,EDP Services
FOCS,Focus Financial Partners Inc. Class A Common Stock,$37.40,-0.30,-0.796%,2444553349.00,United States,2018,390342,Finance,Investment Managers
FOLD,Amicus Therapeutics Inc. Common Stock,$7.63,0.01,0.131%,2137565544.00,United States,2007,2035831,Health Care,Biotechnology: Pharmaceutical Preparations
FORM,FormFactor Inc. FormFactor Inc. Common Stock,$40.53,-0.53,-1.291%,3163928651.00,United States,2003,898291,Technology,Semiconductors
FOX,Fox Corporation Class B Common Stock,$32.15,-0.56,-1.712%,17899492406.00,United States,,1729642,Industrials,Broadcasting
FOXA,Fox Corporation Class A Common Stock,$34.86,-0.65,-1.83%,19408283213.00,United States,,2447809,Industrials,Broadcasting
FOXF,Fox Factory Holding Corp. Common Stock,$81.60,-0.42,-0.512%,3439336694.00,United States,2013,196533,Consumer Discretionary,Auto Parts:O.E.M.
FRME,First Merchants Corporation Common Stock,$40.60,-0.56,-1.361%,2414166416.00,United States,,137587,Finance,Major Banks
FRPT,Freshpet Inc. Common Stock,$67.45,-4.52,-6.28%,3224861393.00,United States,2014,678675,,
FRSH,Freshworks Inc. Class A Common Stock,$15.32,-0.44,-2.792%,4353504331.00,United States,2021,2890573,Technology,EDP Services
FSLR,First Solar Inc. Common Stock,$70.87,0.26,0.368%,7553621545.00,United States,2006,1319533,Technology,Semiconductors
FTNT,Fortinet Inc. Common Stock,$289.06,-5.08,-1.727%,46401971331.00,United States,2009,1051413,Technology,Security Systems Services
FULT,Fulton Financial Corporation Common Stock,$15.68,-0.17,-1.073%,2520654268.00,United States,,763816,Finance,Major Banks
FWONA,Liberty Media Corporation Series A Liberty Formula One Common Stock,$57.10,0.08,0.14%,13260135320.00,United States,,593915,Consumer Discretionary,Movies/Entertainment
FWONK,Liberty Media Corporation Series C Liberty Formula One Common Stock,$62.32,0.03,0.048%,14472357848.00,United States,,1085812,Consumer Discretionary,Movies/Entertainment
FWRD,Forward Air Corporation Common Stock,$93.41,0.22,0.236%,2509148314.00,United States,,136628,Consumer Discretionary,Oil Refining/Marketing
FYBR,Frontier Communications Parent Inc. Common Stock,$26.64,0.71,2.738%,6525814320.00,United States,,1672992,Consumer Discretionary,Telecommunications Equipment
GBDC,Golub Capital BDC Inc. Common Stock,$14.19,0.05,0.354%,2425009557.00,United States,2010,1147024,Finance,Investment Managers
GDRX,GoodRx Holdings Inc. Class A Common Stock,$7.51,-0.46,-5.772%,2977398303.00,United States,2020,3194836,Technology,Retail: Computer Software & Peripheral Equipment
GFS,GlobalFoundries Inc. Ordinary Shares,$58.12,-1.57,-2.63%,30910874641.00,United States,2021,2552140,,
GH,Guardant Health Inc. Common Stock,$38.65,-2.33,-5.686%,3939336395.00,United States,2018,1015114,Health Care,Medical Specialities
GILD,Gilead Sciences Inc. Common Stock,$64.77,-0.08,-0.123%,81241882027.00,United States,1992,5796560,Health Care,Biotechnology: Pharmaceutical Preparations
GLPI,Gaming and Leisure Properties Inc. Common Stock,$46.89,0.07,0.15%,11607354243.00,United States,,835258,Real Estate,Real Estate Investment Trusts
GNTX,Gentex Corporation Common Stock,$30.47,-0.61,-1.963%,7143974749.00,United States,,1167075,Consumer Discretionary,Auto Parts:O.E.M.
GO,Grocery Outlet Holding Corp. Common Stock,$38.15,-0.10,-0.261%,3676416424.00,United States,2019,1114372,Consumer Discretionary,Specialty Foods
GOGO,Gogo Inc. Common Stock,$20.02,-0.24,-1.185%,2242286486.00,United States,2013,718958,Consumer Discretionary,Telecommunications Equipment
GOOG,Alphabet Inc. Class C Capital Stock,$2282.74,1.96,0.086%,1503184009223.00,United States,2004,1430098,Technology,Internet and Information Services
GOOGL,Alphabet Inc. Class A Common Stock,$2277.84,2.60,0.114%,1499957359826.00,United States,2004,1826757,Technology,Internet and Information Services
GT,The Goodyear Tire & Rubber Company Common Stock,$12.95,0.03,0.232%,3657926697.00,United States,,6463180,Consumer Discretionary,Automotive Aftermarket
GTLB,GitLab Inc. Class A Common Stock,$38.33,-0.61,-1.567%,5657965200.00,United States,2021,807516,Technology,EDP Services
HAIN,Hain Celestial Group Inc. (The) Common Stock,$26.03,-0.32,-1.214%,2337427962.00,United States,,1504746,Industrials,Office Equipment/Supplies/Services
HALO,Halozyme Therapeutics Inc. Common Stock,$45.40,-0.58,-1.261%,6262915472.00,United States,,1141637,Health Care,Biotechnology: Biological Products (No Diagnostic Substances)
HAS,Hasbro Inc. Common Stock,$89.45,-0.30,-0.334%,12473123306.00,United States,,1203746,Consumer Discretionary,Recreational Games/Products/Toys
HBAN,Huntington Bancshares Incorporated Common Stock,$13.59,-0.29,-2.089%,19558383616.00,United States,,10562741,Finance,Major Banks
HCP,HashiCorp Inc. Class A Common Stock,$35.61,0.59,1.685%,6561634310.00,United States,2021,748364,Technology,EDP Services
HLMN,Hillman Solutions Corp. Common Stock,$11.51,0.10,0.876%,2234071099.00,United States,2020,955451,Industrials,Industrial Specialties
HLNE,Hamilton Lane Incorporated Class A Common Stock,$68.06,-1.49,-2.142%,2537797595.00,United States,2017,249028,Finance,Investment Managers
HOLX,Hologic Inc. Common Stock,$74.65,-0.62,-0.824%,18616287619.00,United States,1990,2019090,Health Care,Medical Electronics
HON,Honeywell International Inc. Common Stock,$191.91,-1.71,-0.883%,130639456596.00,United States,,2361268,Industrials,Consumer Electronics/Appliances
HOOD,Robinhood Markets Inc. Class A Common Stock,$9.37,-0.69,-6.859%,8169111313.00,United States,2021,21257488,Technology,Computer Software: Prepackaged Software
HPK,HighPeak Energy Inc. Common Stock,$34.58,2.71,8.503%,3620666844.00,United States,,1163589,Energy,Oil & Gas Production
HQY,HealthEquity Inc. Common Stock,$62.17,-0.41,-0.655%,5244992628.00,United States,2014,428806,Health Care,Managed Health Care
HRMY,Harmony Biosciences Holdings Inc. Common Stock,$42.79,-0.81,-1.858%,2526673676.00,United States,2020,361330,Health Care,Biotechnology: Pharmaceutical Preparations
HSIC,Henry Schein Inc. Common Stock,$84.28,-1.36,-1.588%,11634919823.00,United States,1995,1063245,Health Care,Medical Specialities
HST,Host Hotels & Resorts Inc. Common Stock,$20.43,0.44,2.201%,14602896725.00,United States,,13015700,Real Estate,Real Estate Investment Trusts
HTZ,Hertz Global Holdings Inc Common Stock,$19.78,-0.29,-1.445%,8151562463.00,United States,,4925419,Consumer Discretionary,Rental/Leasing Companies
HUBG,Hub Group Inc. Class A Common Stock,$72.71,-0.27,-0.37%,2520136598.00,United States,1996,157488,Consumer Discretionary,Oil Refining/Marketing
HWC,Hancock Whitney Corporation Common Stock,$49.35,-0.49,-0.983%,4262310150.00,United States,,267858,Finance,Major Banks
IAC,IAC/InterActiveCorp Common Stock,$87.37,2.07,2.427%,7852264295.00,United States,,487581,Consumer Discretionary,EDP Services
IART,Integra LifeSciences Holdings Corporation Common Stock,$60.85,-1.79,-2.858%,5058772843.00,United States,,1480837,Health Care,Medical/Dental Instruments
IBKR,Interactive Brokers Group Inc. Class A Common Stock,$60.04,-1.50,-2.437%,5899676898.00,United States,2019,950242,Finance,Investment Bankers/Brokers/Service
IBTX,Independent Bank Group Inc Common Stock,$72.37,-0.71,-0.972%,3059336524.00,United States,2013,217005,Finance,Major Banks
ICUI,ICU Medical Inc. Common Stock,$179.82,-1.82,-1.002%,4296984474.00,United States,1992,178145,Health Care,Medical/Dental Instruments
IDCC,InterDigital Inc. Common Stock,$65.18,-0.11,-0.168%,2012107969.00,United States,,766652,Telecommunications,Telecommunications Equipment
IDXX,IDEXX Laboratories Inc. Common Stock,$369.63,-21.99,-5.615%,31051593534.00,United States,1991,705262,Health Care,Biotechnology: In Vitro & In Vivo Diagnostic Substances
IEP,Icahn Enterprises L.P. Common Stock,$51.15,-0.20,-0.389%,15701429568.00,United States,,431101,Industrials,Consumer Electronics/Appliances
IIVI,II-VI Incorporated Common Stock,$61.92,-0.58,-0.928%,6591790629.00,United States,1987,1104482,Industrials,Industrial Machinery/Components
ILMN,Illumina Inc. Common Stock,$235.20,-4.28,-1.787%,36949920000.00,United States,2000,1343894,Health Care,Medical Specialities
INCY,Incyte Corp. Common Stock,$74.98,-0.91,-1.199%,16608445725.00,United States,,1319196,Health Care,Biotechnology: Commercial Physical & Biological Resarch
INDB,Independent Bank Corp. Common Stock,$82.45,-0.85,-1.02%,3856928468.00,United States,,117614,Finance,Major Banks
INSM,Insmed Inc. Common Stock,$17.93,-0.89,-4.729%,2142943557.00,United States,,954570,Health Care,Biotechnology: Pharmaceutical Preparations
INTC,Intel Corporation Common Stock,$44.11,-0.31,-0.698%,180365790000.00,United States,,29868309,Technology,Semiconductors
INTU,Intuit Inc. Common Stock,$408.37,-6.09,-1.469%,115191794699.00,United States,1993,1598398,Technology,Computer Software: Prepackaged Software
IONS,Ionis Pharmaceuticals Inc. Common Stock,$35.91,-0.61,-1.67%,5091960937.00,United States,,854372,Health Care,Biotechnology: Pharmaceutical Preparations
IOSP,Innospec Inc. Common Stock,$102.54,0.51,0.50%,2544547634.00,United States,,88434,Industrials,Industrial Specialties
IPAR,Inter Parfums Inc. Common Stock,$72.72,-1.08,-1.463%,2315758583.00,United States,,63796,Consumer Discretionary,Package Goods/Cosmetics
IPGP,IPG Photonics Corporation Common Stock,$102.27,-3.22,-3.052%,5305014586.00,United States,2006,528544,Technology,Semiconductors
IRDM,Iridium Communications Inc Common Stock,$37.09,-0.02,-0.054%,4747205328.00,United States,,423255,Consumer Discretionary,Telecommunications Equipment
IRTC,iRhythm Technologies Inc. Common Stock,$137.98,-2.87,-2.038%,4110446415.00,United States,2016,388624,Health Care,Medical/Dental Instruments
ISRG,Intuitive Surgical Inc. Common Stock,$216.39,-11.25,-4.942%,77674599415.00,United States,2000,2426129,Health Care,Medical/Dental Instruments
ITCI,Intra-Cellular Therapies Inc. Common Stock,$55.26,-2.14,-3.728%,5212361536.00,United States,,511345,Health Care,Biotechnology: Pharmaceutical Preparations
ITRI,Itron Inc. Common Stock,$50.82,-0.79,-1.531%,2290034324.00,United States,1993,218055,Industrials,Electrical Products
JAMF,Jamf Holding Corp. Common Stock,$25.31,-0.43,-1.671%,3032856677.00,United States,2020,516069,Technology,Computer Software: Prepackaged Software
JBHT,J.B. Hunt Transport Services Inc. Common Stock,$172.91,0.33,0.191%,18118028530.00,United States,,890590,Industrials,Trucking Freight/Courier Services
JBLU,JetBlue Airways Corporation Common Stock,$10.24,-0.50,-4.655%,3284879647.00,United States,2002,11319482,Consumer Discretionary,Air Freight/Delivery Services
JJSF,J & J Snack Foods Corp. Common Stock,$125.90,-2.32,-1.809%,2414122428.00,United States,1986,86923,Consumer Staples,Specialty Foods
JKHY,Jack Henry & Associates Inc. Common Stock,$186.13,-1.99,-1.058%,13561768137.00,United States,1985,482324,Technology,Retail: Computer Software & Peripheral Equipment
KDP,Keurig Dr Pepper Inc. Common Stock,$34.64,-0.10,-0.288%,49138462260.00,United States,,8626885,Consumer Staples,Beverages (Production/Distribution)
KHC,The Kraft Heinz Company Common Stock,$37.25,-0.58,-1.533%,45595662505.00,United States,,11267686,Consumer Staples,Farming/Seeds/Milling
KLAC,KLA Corporation Common Stock,$356.99,-7.86,-2.154%,53275420143.00,United States,1980,1110090,Technology,Electronic Components
KNBE,KnowBe4 Inc. Class A Common Stock,$17.25,-0.53,-2.981%,3020030985.00,United States,2021,1205111,Technology,Computer Software: Prepackaged Software
KRTX,Karuna Therapeutics Inc. Common Stock,$101.91,-2.41,-2.31%,3045348709.00,United States,2019,234958,Health Care,Biotechnology: Pharmaceutical Preparations
LAMR,Lamar Advertising Company Class A Common Stock,$96.99,-0.96,-0.98%,9842749073.00,United States,1996,324553,Real Estate,Real Estate Investment Trusts
LANC,Lancaster Colony Corporation Common Stock,$119.57,-2.33,-1.911%,3290805540.00,United States,,106971,Consumer Staples,Packaged Foods
LAUR,Laureate Education Inc. Common Stock,$12.82,0.09,0.707%,2211513856.00,United States,2017,1158878,Consumer Discretionary,Service to the Health Industry
LAZR,Luminar Technologies Inc.  Class A Common Stock,$9.78,-0.56,-5.416%,3419239072.00,United States,2019,4199223,Consumer Discretionary,Auto Parts:O.E.M.
LBRDA,Liberty Broadband Corporation Class A Common Stock,$117.80,-4.21,-3.451%,19174822553.00,United States,,377787,Telecommunications,Cable & Other Pay Television Services
LBRDK,Liberty Broadband Corporation Class C Common Stock,$122.43,-2.74,-2.189%,19928467956.00,United States,,907239,Telecommunications,Cable & Other Pay Television Services
LCID,Lucid Group Inc. Common Stock,$19.50,-0.68,-3.37%,32522891174.00,United States,,15726055,Consumer Discretionary,Auto Manufacturing
LECO,Lincoln Electric Holdings Inc. Common Shares,$135.76,-0.06,-0.044%,7958892802.00,United States,,161668,Industrials,Industrial Machinery/Components
LEGN,Legend Biotech Corporation American Depositary Shares,$42.65,0.36,0.851%,6577842369.00,United States,2020,847598,Health Care,Biotechnology: Pharmaceutical Preparations
LESL,Leslie's Inc. Common Stock,$19.36,-0.06,-0.309%,3539755741.00,United States,2020,2462214,Consumer Discretionary,
LFST,LifeStance Health Group Inc. Common Stock,$6.85,-0.60,-8.054%,2564115441.00,United States,2021,641605,Health Care,Hospital/Nursing Management
LFUS,Littelfuse Inc. Common Stock,$269.58,-0.62,-0.229%,6669064407.00,United States,,74466,Technology,Electronic Components
LGIH,LGI Homes Inc. Common Stock,$97.38,-0.61,-0.623%,2304622736.00,United States,2013,238537,Consumer Discretionary,Homebuilding
LHCG,LHC Group Common Stock,$166.03,-0.63,-0.378%,5151528699.00,United States,2005,379106,Health Care,Medical/Nursing Services
LILA,Liberty Latin America Ltd. Class A Common Stock,$9.24,-0.27,-2.839%,2091901775.00,United States,,255409,Telecommunications,Cable & Other Pay Television Services
LILAK,Liberty Latin America Ltd. Class C Common Stock,$9.22,-0.29,-3.049%,2087373849.00,United States,,1008162,Telecommunications,Cable & Other Pay Television Services
LITE,Lumentum Holdings Inc. Common Stock,$86.80,0.72,0.836%,5989200000.00,United States,,925262,Technology,Computer peripheral equipment
LKQ,LKQ Corporation Common Stock,$50.55,-0.84,-1.635%,14297205016.00,United States,2003,1705965,Consumer Discretionary,Automotive Aftermarket
LNT,Alliant Energy Corporation Common Stock,$63.19,-0.63,-0.987%,15848919472.00,United States,,2391506,Utilities,Power Generation
LNTH,Lantheus Holdings Inc. Common Stock,$68.76,0.24,0.35%,4719278172.00,United States,2015,1072979,Health Care,Medical Specialities
LNW,Light & Wonder Inc. Common Stock,$53.45,0.65,1.231%,5113315096.00,United States,,560072,Consumer Discretionary,Movies/Entertainment
LOGI,Logitech International S.A. Ordinary Shares,$60.28,-0.51,-0.839%,9927161346.00,United States,1997,614309,Technology,Computer peripheral equipment
LOPE,Grand Canyon Education Inc. Common Stock,$88.12,-1.05,-1.178%,2847981122.00,United States,2008,278843,Consumer Discretionary,Service to the Health Industry
LPLA,LPL Financial Holdings Inc. Common Stock,$192.04,-4.15,-2.115%,15356422524.00,United States,2010,724188,Finance,Investment Bankers/Brokers/Service
LRCX,Lam Research Corporation Common Stock,$505.79,-14.24,-2.738%,70160673506.00,United States,1984,1026076,Technology,Industrial Machinery/Components
LSCC,Lattice Semiconductor Corporation Common Stock,$51.69,-0.33,-0.634%,7113105250.00,United States,,1209362,Technology,Semiconductors
LSTR,Landstar System Inc. Common Stock,$149.85,-1.58,-1.043%,5563530850.00,United States,1993,191598,Industrials,Trucking Freight/Courier Services
LSXMA,Liberty Media Corporation Series A Liberty SiriusXM Common Stock,$41.16,-0.15,-0.363%,13545590043.00,United States,,627914,Consumer Discretionary,Broadcasting
LSXMK,Liberty Media Corporation Series C Liberty SiriusXM Common Stock,$41.01,-0.09,-0.219%,13496225648.00,United States,,730257,Consumer Discretionary,Broadcasting
LYFT,Lyft Inc. Class A Common Stock,$17.06,-0.62,-3.507%,5936575360.00,United States,2019,10370075,Technology,EDP Services
LZ,LegalZoom.com Inc. Common Stock,$13.31,0.21,1.603%,2636655857.00,United States,2021,1540674,Technology,Interactive Media
MANH,Manhattan Associates Inc. Common Stock,$121.70,0.77,0.637%,7680917940.00,United States,1998,242194,Technology,Computer Software: Prepackaged Software
MANT,ManTech International Corporation Common Stock $0.01 Par Value,$95.15,-0.50,-0.523%,3896601354.00,United States,2002,598080,Technology,EDP Services
MAR,Marriott International Class A Common Stock,$170.59,-0.99,-0.577%,55833831668.00,United States,,1729672,Consumer Discretionary,Hotels/Resorts
MASI,Masimo Corporation Common Stock,$136.89,-3.54,-2.521%,7597993757.00,United States,2007,530862,Health Care,Medical/Dental Instruments
MAT,Mattel Inc. Common Stock,$24.47,-0.65,-2.588%,8625524265.00,United States,,2904830,Consumer Discretionary,Recreational Games/Products/Toys
MCHP,Microchip Technology Incorporated Common Stock,$71.16,-1.49,-2.051%,39458312508.00,United States,1993,4030426,Technology,Semiconductors
MDB,MongoDB Inc. Class A Common Stock,$241.81,4.66,1.965%,16457845644.00,United States,2017,3386475,Technology,Retail: Computer Software & Peripheral Equipment
MDLZ,Mondelez International Inc. Class A Common Stock,$62.91,-0.65,-1.023%,87062635689.00,United States,,7621755,Consumer Staples,Meat/Poultry/Fish
MEDP,Medpace Holdings Inc. Common Stock,$142.96,-0.28,-0.195%,4584112615.00,United States,2016,384195,Health Care,Biotechnology: Commercial Physical & Biological Resarch
MGEE,MGE Energy Inc,$79.19,-0.18,-0.227%,2863777270.00,United States,,111443,Utilities,Power Generation
MGPI,MGP Ingredients Inc.,$95.39,-1.47,-1.518%,2097220216.00,United States,,170796,Consumer Staples,Beverages (Production/Distribution)
MIDD,Middleby Corporation (The) Common Stock,$147.48,-3.98,-2.628%,8021412276.00,United States,,563153,Industrials,Diversified Manufacture
MKSI,MKS Instruments Inc. Common Stock,$121.60,-1.90,-1.538%,6768180973.00,United States,1999,539168,Industrials,Industrial Machinery/Components
MKTX,MarketAxess Holdings Inc. Common Stock,$276.91,-4.77,-1.693%,10451136112.00,United States,2004,317905,Finance,Investment Bankers/Brokers/Service
MLKN,MillerKnoll Inc. Common Stock,$30.64,0.44,1.457%,2322290473.00,United States,,273963,Consumer Discretionary,Wholesale Distributors
MMSI,Merit Medical Systems Inc. Common Stock,$61.18,-0.21,-0.342%,3467715804.00,United States,,284121,Health Care,Medical/Dental Instruments
MNDT,Mandiant Inc. Common Stock,$22.00,-0.05,-0.227%,5189357008.00,United States,2013,2376717,Technology,Computer peripheral equipment
MNST,Monster Beverage Corporation,$88.05,-1.07,-1.201%,46637567386.00,United States,,1943790,Consumer Staples,Beverages (Production/Distribution)
MNTK,Montauk Renewables Inc. Common Stock,$14.38,1.45,11.214%,2065020933.00,United States,2021,451576,Utilities,Power Generation
MPWR,Monolithic Power Systems Inc. Common Stock,$448.25,-2.14,-0.475%,20907724750.00,United States,2004,462828,Technology,Semiconductors
MQ,Marqeta Inc. Class A Common Stock,$10.43,-0.04,-0.382%,5678521466.00,United States,2021,9721468,Technology,EDP Services
MRCY,Mercury Systems Inc Common Stock,$62.07,2.26,3.779%,3579778007.00,United States,1998,787941,,
MRNA,Moderna Inc. Common Stock,$143.40,-1.93,-1.328%,57038714738.00,United States,2018,3644934,Health Care,Biotechnology: Biological Products (No Diagnostic Substances)
MRTX,Mirati Therapeutics Inc. Common Stock,$39.93,0.77,1.966%,2217188199.00,United States,,1260255,Health Care,Biotechnology: Pharmaceutical Preparations
MRVI,Maravai LifeSciences Holdings Inc. Class A Common Stock,$31.53,0.38,1.22%,4147399824.00,United States,2020,1432723,Health Care,Biotechnology: Pharmaceutical Preparations
MSFT,Microsoft Corporation Common Stock,$272.42,0.55,0.202%,2037438206637.00,United States,1986,25273427,Technology,Computer Software: Prepackaged Software
MSTR,MicroStrategy Incorporated Common Stock Class A,$238.14,-26.55,-10.031%,2690398081.00,United States,1998,867485,Technology,Computer Software: Prepackaged Software
MTCH,Match Group Inc. Common Stock,$79.24,0.46,0.584%,22630370619.00,United States,,2508516,Technology,Computer Software: Programming Data Processing
MTSI,MACOM Technology Solutions Holdings Inc. Common Stock,$54.40,-0.11,-0.202%,3802045158.00,United States,2012,633481,Technology,Semiconductors
MU,Micron Technology Inc. Common Stock,$73.55,-0.29,-0.393%,82130847332.00,United States,,13590166,Technology,Semiconductors
MXL,MaxLinear Inc. Common Stock,$39.88,0.29,0.733%,3094836074.00,United States,2010,886439,Technology,Semiconductors
NARI,Inari Medical Inc. Common Stock,$63.50,-2.30,-3.495%,3373465059.00,United States,2020,522263,Health Care,Biotechnology: Electromedical & Electrotherapeutic Apparatus
NATI,National Instruments Corporation Common Stock,$34.24,-1.08,-3.058%,4491396322.00,United States,1995,1175537,Technology,Computer Software: Prepackaged Software
NAVI,Navient Corporation Common Stock,$15.63,-0.37,-2.313%,2311528374.00,United States,,1318247,Finance,Finance: Consumer Services
NBIX,Neurocrine Biosciences Inc. Common Stock,$92.75,-0.74,-0.792%,8864735401.00,United States,1996,838376,Health Care,Biotechnology: Biological Products (No Diagnostic Substances)
NCNO,nCino Inc. Common Stock,$32.01,-0.66,-2.02%,3096949158.00,United States,2020,1155990,Technology,Computer Software: Prepackaged Software
NDAQ,Nasdaq Inc. Common Stock,$152.27,-2.99,-1.926%,25075484647.00,United States,,582028,Finance,Investment Bankers/Brokers/Service
NDSN,Nordson Corporation Common Stock,$215.35,-2.53,-1.161%,12385163977.00,United States,,179274,Industrials,Industrial Machinery/Components
NEOG,Neogen Corporation Common Stock,$26.30,-0.16,-0.605%,2835053841.00,United States,1989,601915,Health Care,Biotechnology: In Vitro & In Vivo Diagnostic Substances
NFE,New Fortress Energy Inc. Class A Common Stock,$45.84,-0.75,-1.61%,9514378454.00,United States,2019,1218197,Utilities,Oil/Gas Transmission
NFLX,Netflix Inc. Common Stock,$192.91,-4.53,-2.294%,85704868404.00,United States,2002,8405002,Consumer Discretionary,Movies/Entertainment
NKLA,Nikola Corporation Common Stock,$6.77,-0.29,-4.108%,2851106162.00,United States,2018,10197712,Industrials,Industrial Machinery/Components
NLOK,NortonLifeLock Inc. Common Stock,$24.36,0.02,0.082%,14130360696.00,United States,,6995458,Technology,Computer Software: Prepackaged Software
NOVT,Novanta Inc. Common Stock,$121.37,-1.59,-1.293%,4333422395.00,United States,,161170,,
NSIT,Insight Enterprises Inc. Common Stock,$97.58,-1.24,-1.255%,3422556244.00,United States,1995,182914,Technology,EDP Services
NTAP,NetApp Inc. Common Stock,$72.51,0.56,0.778%,16136118425.00,United States,1995,2722488,Technology,Electronic Components
NTLA,Intellia Therapeutics Inc. Common Stock,$42.86,-3.28,-7.109%,3251096868.00,United States,2016,934139,Health Care,Biotechnology: In Vitro & In Vivo Diagnostic Substances
NTNX,Nutanix Inc. Class A Common Stock,$15.99,-0.21,-1.296%,3526852275.00,United States,2016,2857903,Technology,EDP Services
NTRA,Natera Inc. Common Stock,$35.46,-1.23,-3.352%,3415289086.00,United States,2015,1089483,Health Care,Medical Specialities
NTRS,Northern Trust Corporation Common Stock,$108.76,-2.99,-2.676%,22663388462.00,United States,,829769,Finance,Trusts Except Educational Religious and Charitable
NUVA,NuVasive Inc. Common Stock,$55.90,-1.51,-2.63%,2909093577.00,United States,2004,453475,Health Care,Medical/Dental Instruments
NVAX,Novavax Inc. Common Stock,$53.64,-1.69,-3.054%,4191139676.00,United States,,3684180,Health Care,Biotechnology: Biological Products (No Diagnostic Substances)
NVDA,NVIDIA Corporation Common Stock,$183.20,-3.52,-1.885%,458000000000.00,United States,1999,54362952,Technology,Semiconductors
NWE,NorthWestern Corporation Common Stock,$61.04,-0.23,-0.375%,3304635526.00,United States,,312141,Utilities,Power Generation
NWL,Newell Brands Inc. Common Stock,$21.49,0.05,0.233%,8886115000.00,United States,,3673060,Industrials,Plastic Products
NWSA,News Corporation Class A Common Stock,$17.21,-0.19,-1.092%,10080612729.00,United States,,4350471,Consumer Discretionary,Movies/Entertainment
NXST,Nexstar Media Group Inc. Class A Common Stock,$175.41,0.19,0.108%,7087309843.00,United States,2003,272952,Consumer Discretionary,Movies/Entertainment
OAS,Oasis Petroleum Inc. Common Stock,$165.31,6.58,4.145%,3244651946.00,United States,,340796,Energy,Oil & Gas Production
ODFL,Old Dominion Freight Line Inc. Common Stock,$257.42,-0.82,-0.318%,29179524899.00,United States,1991,1118040,Industrials,Trucking Freight/Courier Services
OKTA,Okta Inc. Class A Common Stock,$84.43,1.38,1.662%,13316669319.00,United States,2017,2769514,Technology,EDP Services
OLED,Universal Display Corporation Common Stock,$125.80,-0.51,-0.404%,5939562588.00,United States,,340203,Technology,Semiconductors
OLLI,Ollie's Bargain Outlet Holdings Inc. Common Stock,$45.75,-1.22,-2.597%,2869942152.00,United States,2015,1021031,Consumer Discretionary,Department/Specialty Retail Stores
OLPX,Olaplex Holdings Inc. Common Stock,$15.66,-0.46,-2.854%,10162215643.00,United States,2021,1596035,Miscellaneous,Diversified Commercial Services
OMCL,Omnicell Inc. Common Stock ($0.001 par value),$108.86,-2.30,-2.069%,4811415508.00,United States,2001,236487,Health Care,Managed Health Care
ON,ON Semiconductor Corporation Common Stock,$59.27,-1.41,-2.324%,25753150646.00,United States,,5488043,Technology,Semiconductors
ONB,Old National Bancorp Common Stock,$15.81,-0.09,-0.566%,4631681790.00,United States,,1409952,Finance,Major Banks
OPCH,Option Care Health Inc. Common Stock,$29.54,-0.82,-2.701%,5318737173.00,United States,,1083088,Health Care,Medical/Nursing Services
OPEN,Opendoor Technologies Inc Common Stock,$6.97,-0.26,-3.596%,4354518659.00,United States,,14284975,Finance,Real Estate
OPK,OPKO Health Inc. Common Stock,$2.99,-0.01,-0.333%,2306583148.00,United States,,4437822,Health Care,Biotechnology: In Vitro & In Vivo Diagnostic Substances
ORLY,O'Reilly Automotive Inc. Common Stock,$624.61,-12.56,-1.971%,41052763331.00,United States,1993,544945,Consumer Discretionary,Auto & Home Supply Stores
OTTR,Otter Tail Corporation Common Stock,$66.45,1.06,1.621%,2766357025.00,United States,,148338,Utilities,Electric Utilities: Central
OZK,Bank OZK Common Stock,$41.02,-0.45,-1.085%,4927195443.00,United States,,470431,Finance,Major Banks
PAA,Plains All American Pipeline L.P. Common Units representing Limited Partner Interests,$11.71,0.32,2.809%,8228244364.00,United States,1998,6104238,Energy,Oil & Gas Production
PACW,PacWest Bancorp Common Stock,$31.41,-0.17,-0.538%,3689014039.00,United States,,2973721,Finance,Major Banks
PAGP,Plains GP Holdings L.P. Class A Units representing Limited Partner Interests,$12.27,0.31,2.592%,2383183413.00,United States,,2603409,Energy,Oil & Gas Production
PANW,Palo Alto Networks Inc. Common Stock,$501.73,-1.05,-0.209%,49990064225.00,United States,,1384099,Technology,EDP Services
PARA,Paramount Global Class B Common Stock,$32.35,-1.98,-5.768%,20998401757.00,United States,,12807683,Consumer Discretionary,Movies/Entertainment
PAYX,Paychex Inc. Common Stock,$122.26,-1.57,-1.268%,44137985979.00,United States,1983,1483882,Consumer Discretionary,Business Services
PCAR,PACCAR Inc. Common Stock,$88.54,1.70,1.958%,30783872476.00,United States,,2661916,Industrials,Construction/Ag Equipment/Trucks
PCH,PotlatchDeltic Corporation Common Stock,$51.91,-0.55,-1.048%,3601116301.00,United States,,876725,Real Estate,Real Estate Investment Trusts
PCRX,Pacira BioSciences Inc. Common Stock,$63.45,0.20,0.316%,2882961914.00,United States,2011,317998,Health Care,Biotechnology: Pharmaceutical Preparations
PCTY,Paylocity Holding Corporation Common Stock,$175.09,0.23,0.132%,9651794403.00,United States,2014,363470,Technology,Computer Software: Prepackaged Software
PDCE,PDC Energy Inc. Common Stock (Delaware),$82.44,3.30,4.17%,8184043614.00,United States,,1779393,Energy,Oil & Gas Production
PDCO,Patterson Companies Inc. Common Stock,$30.92,-0.67,-2.121%,3018472240.00,United States,1992,578792,Health Care,Medical Specialities
PECO,Phillips Edison & Company Inc. Common Stock,$33.52,-0.22,-0.652%,3817928000.00,United States,2021,1034500,Real Estate,Real Estate Investment Trusts
PEGA,Pegasystems Inc. Common Stock,$50.26,0.72,1.453%,4112212385.00,United States,1996,392097,Technology,EDP Services
PENN,Penn National Gaming Inc. Common Stock,$31.88,-0.08,-0.25%,5317673455.00,United States,1994,2578739,Consumer Discretionary,Movies/Entertainment
PEP,PepsiCo Inc. Common Stock,$166.49,-1.26,-0.751%,230202985738.00,United States,,5613863,Consumer Staples,Beverages (Production/Distribution)
PFG,Principal Financial Group Inc Common Stock,$71.60,-0.69,-0.954%,18092190653.00,United States,2001,1513232,Finance,Specialty Insurers
PGNY,Progyny Inc. Common Stock,$29.57,-2.04,-6.454%,2718789550.00,United States,2019,1201760,Health Care,Managed Health Care
PINC,Premier Inc. Class A Common Stock,$36.78,-0.63,-1.684%,4339549870.00,United States,2013,437635,Health Care,Managed Health Care
PLUG,Plug Power Inc. Common Stock,$17.92,-0.56,-3.03%,10359580027.00,United States,1999,19691982,Consumer Discretionary,Electrical Products
PLXS,Plexus Corp. Common Stock,$83.54,-1.26,-1.486%,2315999219.00,United States,,74694,Technology,Electrical Products
PNFP,Pinnacle Financial Partners Inc. Common Stock,$80.06,-1.36,-1.67%,6115417286.00,United States,,441429,Finance,Major Banks
PODD,Insulet Corporation Common Stock,$207.38,-6.10,-2.857%,14379654128.00,United States,2007,520340,Health Care,Medical/Dental Instruments
POOL,Pool Corporation Common Stock,$393.04,-5.58,-1.40%,15731395736.00,United States,1995,339488,Consumer Discretionary,Recreational Games/Products/Toys
POWI,Power Integrations Inc. Common Stock,$83.84,-0.54,-0.64%,4888510861.00,United States,1997,339150,Technology,Semiconductors
PPBI,Pacific Premier Bancorp Inc,$32.18,-0.38,-1.167%,3054858888.00,United States,,385417,Finance,Major Banks
PPC,Pilgrim's Pride Corporation Common Stock,$32.99,-0.33,-0.99%,7928478914.00,United States,,983556,Consumer Staples,Meat/Poultry/Fish
PRFT,Perficient Inc. Common Stock,$98.65,0.74,0.756%,3418084291.00,United States,1999,132002,Technology,EDP Services
PRGS,Progress Software Corporation Common Stock (DE),$49.23,0.92,1.904%,2154612980.00,United States,1991,205785,Technology,Computer Software: Prepackaged Software
PRVA,Privia Health Group Inc. Common Stock,$22.96,-1.00,-4.174%,2493852152.00,United States,2021,452084,Technology,Retail: Computer Software & Peripheral Equipment
PSEC,Prospect Capital Corporation Common Stock,$7.70,0.01,0.13%,3019561499.00,United States,2004,1180224,Finance,Finance/Investors Services
PSMT,PriceSmart Inc. Common Stock,$77.49,-1.14,-1.45%,2392421456.00,United States,,82233,Consumer Discretionary,Department/Specialty Retail Stores
PTC,PTC Inc. Common Stock,$116.42,-0.11,-0.094%,13618339400.00,United States,,571479,Technology,Computer Software: Prepackaged Software
PTCT,PTC Therapeutics Inc. Common Stock,$29.08,-0.29,-0.987%,2074517153.00,United States,2013,845098,Health Care,Biotechnology: Pharmaceutical Preparations
PTEN,Patterson-UTI Energy Inc. Common Stock,$18.89,-0.15,-0.788%,4085967448.00,United States,1993,3742185,Energy,Oil & Gas Production
PTON,Peloton Interactive Inc. Class A Common Stock,$12.94,-1.02,-7.307%,4365396759.00,United States,2019,13752543,Consumer Discretionary,Other Consumer Services
PYCR,Paycor HCM Inc. Common Stock,$25.04,0.52,2.121%,4379734857.00,United States,2021,273735,Technology,Computer Software: Prepackaged Software
PYPL,PayPal Holdings Inc. Common Stock,$82.48,-2.73,-3.204%,95515133344.00,United States,,11014428,Consumer Discretionary,Business Services
PZZA,Papa John's International Inc. Common Stock,$88.70,0.69,0.784%,3175008162.00,United States,1993,564896,Consumer Discretionary,Restaurants
QCOM,QUALCOMM Incorporated Common Stock,$140.02,-2.45,-1.72%,156822400000.00,United States,1991,8502743,Technology,Computer peripheral equipment
QDEL,QuidelOrtho Corporation Common Stock,$92.74,-2.29,-2.41%,6207021891.00,United States,,801563,Health Care,Medical/Dental Instruments
QLYS,Qualys Inc. Common Stock,$129.67,-1.01,-0.773%,5035611653.00,United States,2012,398206,Technology,EDP Services
QRVO,Qorvo Inc. Common Stock,$109.59,-2.16,-1.933%,11619541013.00,United States,,1605910,Industrials,Industrial Machinery/Components
RARE,Ultragenyx Pharmaceutical Inc. Common Stock,$46.14,-0.76,-1.62%,3226579013.00,United States,2014,560947,Health Care,Biotechnology: Pharmaceutical Preparations
RCM,R1 RCM Inc. Common Stock,$21.02,-0.45,-2.096%,5879396557.00,United States,,1018252,Consumer Discretionary,Other Consumer Services
REG,Regency Centers Corporation Common Stock,$67.35,-0.86,-1.261%,11608603128.00,United States,1993,835322,Real Estate,Real Estate Investment Trusts
REGI,Renewable Energy Group Inc. Common Stock,$61.36,0.05,0.082%,3099127314.00,United States,2012,1231311,Industrials,Major Chemicals
REGN,Regeneron Pharmaceuticals Inc. Common Stock,$658.92,-5.82,-0.876%,72379854150.00,United States,1991,609964,Health Care,Biotechnology: Pharmaceutical Preparations
REYN,Reynolds Consumer Products Inc. Common Stock,$27.05,-0.17,-0.625%,5676784899.00,United States,2020,361246,Industrials,Office Equipment/Supplies/Services
RGEN,Repligen Corporation Common Stock,$166.70,2.23,1.356%,9240707939.00,United States,1986,593933,Health Care,Medical/Dental Instruments
RGLD,Royal Gold Inc. Common Stock,$114.44,1.36,1.203%,7511729678.00,United States,,483076,Industrials,Consumer Electronics/Appliances
RIVN,Rivian Automotive Inc. Class A Common Stock,$30.25,-1.15,-3.662%,27244894185.00,United States,2021,13504463,Consumer Discretionary,Auto Manufacturing
RKLB,Rocket Lab USA Inc. Common Stock,$4.71,-0.05,-1.05%,2184515841.00,United States,2020,4394212,Industrials,Aerospace
RMBS,Rambus Inc. Common Stock,$25.28,0.18,0.717%,2786756170.00,United States,1997,984950,Technology,Semiconductors
ROIC,Retail Opportunity Investments Corp. Common Stock (MD),$17.76,-0.31,-1.716%,2205851603.00,United States,,736250,Real Estate,Real Estate Investment Trusts
ROKU,Roku Inc. Class A Common Stock,$90.77,-4.13,-4.352%,12342220557.00,United States,2017,4729167,Telecommunications,Cable & Other Pay Television Services
ROLL,RBC Bearings Incorporated Common Stock,$192.54,6.15,3.30%,5560678426.00,United States,2005,214538,Industrials,Metal Fabrications
ROST,Ross Stores Inc. Common Stock,$82.66,-2.36,-2.776%,29046090824.00,United States,1985,3804325,Consumer Discretionary,Clothing/Shoe/Accessory Stores
RPD,Rapid7 Inc. Common Stock,$70.10,-0.77,-1.086%,4084340679.00,United States,2015,543044,Technology,Computer Software: Prepackaged Software
RPRX,Royalty Pharma plc Class A Ordinary Shares ,$40.69,-0.45,-1.094%,17713025130.00,United States,2020,2138606,Health Care,Biotechnology: Pharmaceutical Preparations
RRR,Red Rock Resorts Inc. Class A Common Stock,$39.30,0.57,1.472%,2415850072.00,United States,2016,668904,Consumer Discretionary,Recreational Games/Products/Toys
RUN,Sunrun Inc. Common Stock,$25.20,-0.92,-3.522%,5294835328.00,United States,2015,5873952,Industrials,Building Products
RUSHA,Rush Enterprises Inc. Common Stock Cl A,$51.35,0.37,0.726%,2842423073.00,United States,,165175,Consumer Discretionary,Other Specialty Stores
SABR,Sabre Corporation Common Stock,$7.55,0.04,0.533%,2464249098.00,United States,2014,5787157,Consumer Discretionary,Other Consumer Services
SAFM,Sanderson Farms Inc. Common Stock,$199.70,0.20,0.10%,4457342342.00,United States,1987,356653,,
SAGE,Sage Therapeutics Inc. Common Stock,$34.24,2.97,9.498%,2022424942.00,United States,2014,1480899,Health Care,Biotechnology: Pharmaceutical Preparations
SAIA,Saia Inc. Common Stock,$195.90,-1.69,-0.855%,5173405952.00,United States,,357023,Industrials,Trucking Freight/Courier Services
SBAC,SBA Communications Corporation Class A Common Stock,$331.08,-5.53,-1.643%,35700042205.00,United States,1999,669415,Real Estate,Real Estate Investment Trusts
SBCF,Seacoast Banking Corporation of Florida Common Stock,$33.99,-0.25,-0.73%,2087343949.00,United States,,237220,Finance,Major Banks
SBNY,Signature Bank Common Stock,$211.83,-4.44,-2.053%,13330045866.00,United States,2004,1234464,Finance,Major Banks
SBRA,Sabra Health Care REIT Inc. Common Stock,$13.94,-0.10,-0.712%,3219509591.00,United States,,1462540,Real Estate,Real Estate Investment Trusts
SBUX,Starbucks Corporation Common Stock,$76.28,-2.22,-2.828%,87485532000.00,United States,1992,7576706,Consumer Discretionary,Beverages - Non-Alcoholic
SEIC,SEI Investments Company Common Stock,$57.64,-0.79,-1.352%,7911986302.00,United States,1981,557080,Finance,Investment Bankers/Brokers/Service
SFM,Sprouts Farmers Market Inc. Common Stock,$26.73,-0.36,-1.329%,2930218139.00,United States,2013,2063731,Consumer Discretionary,Specialty Foods
SFNC,Simmons First National Corporation Class A Common Stock,$25.22,-0.49,-1.906%,3295098495.00,United States,,483077,Finance,Major Banks
SGEN,Seagen Inc. Common Stock,$134.16,-1.52,-1.12%,24695588265.00,United States,2001,784727,Health Care,Biotechnology: Biological Products (No Diagnostic Substances)
SGRY,Surgery Partners Inc. Common Stock,$37.69,-1.51,-3.852%,3388493029.00,United States,2015,485133,Health Care,Managed Health Care
SHC,Sotera Health Company Common Stock,$21.16,-0.14,-0.657%,5984412671.00,United States,2020,703672,Health Care,Medical Specialities
SHOO,Steven Madden Ltd. Common Stock,$37.57,0.39,1.049%,3000512534.00,United States,1993,608936,Consumer Discretionary,Shoe Manufacturing
SIGI,Selective Insurance Group Inc. Common Stock,$77.94,-1.36,-1.715%,4703943918.00,United States,,216287,Finance,Property-Casualty Insurers
SIRI,Sirius XM Holdings Inc. Common Stock,$6.31,-0.09,-1.406%,24836895147.00,United States,,16829112,Consumer Discretionary,Movies/Entertainment
SITM,SiTime Corporation Common Stock,$208.57,-4.43,-2.08%,4388700114.00,United States,2019,157690,Technology,Semiconductors
SIVB,SVB Financial Group Common Stock,$474.72,-13.85,-2.835%,27937825998.00,United States,,456654,Finance,Major Banks
SKIN,The Beauty Health Company Class A Common Stock,$14.07,-0.20,-1.402%,2119391748.00,United States,2020,1537993,Consumer Discretionary,Package Goods/Cosmetics
SLAB,Silicon Laboratories Inc. Common Stock,$148.32,-0.84,-0.563%,5425632219.00,United States,2000,441250,Technology,Semiconductors
SLGN,Silgan Holdings Inc. Common Stock,$44.44,0.63,1.438%,4923970087.00,United States,1997,513375,Industrials,Containers/Packaging
SLM,SLM Corporation Common Stock,$19.04,-0.55,-2.808%,5125836464.00,United States,,3333340,Finance,Finance: Consumer Services
SMCI,Super Micro Computer Inc. Common Stock,$51.70,1.64,3.276%,2683585334.00,United States,2020,655653,Technology,Computer Manufacturing
SMPL,The Simply Good Foods Company Common Stock,$39.47,-0.49,-1.226%,3961606387.00,United States,,414183,Consumer Staples,Packaged Foods
SMTC,Semtech Corporation Common Stock,$64.38,0.29,0.452%,4086001147.00,United States,,661865,Technology,Semiconductors
SNPS,Synopsys Inc. Common Stock,$316.86,-2.34,-0.733%,48470153098.00,United States,1992,781610,Technology,EDP Services
SOFI,SoFi Technologies Inc. Common Stock  ,$7.05,-0.43,-5.749%,5718563247.00,United States,,36693194,Finance,Diversified Financial Services
SONO,Sonos Inc. Common Stock,$21.95,-0.18,-0.813%,2807157404.00,United States,2018,1887667,Consumer Discretionary,Consumer Electronics/Video Chains
SPLK,Splunk Inc. Common Stock,$102.59,0.03,0.029%,16506731000.00,United States,2012,1501421,Technology,Computer Software: Prepackaged Software
SPSC,SPS Commerce Inc. Common Stock,$110.37,3.33,3.111%,3983819388.00,United States,2010,194338,Technology,EDP Services
SPT,Sprout Social Inc Class A Common Stock,$51.68,0.75,1.473%,2813453050.00,United States,2019,627209,Technology,EDP Services
SPWR,SunPower Corporation Common Stock,$17.62,-0.05,-0.283%,3063456792.00,United States,2005,2334326,Technology,Semiconductors
SRCL,Stericycle Inc. Common Stock,$49.09,-1.46,-2.888%,4520604534.00,United States,1996,415477,Utilities,Environmental Services
SRPT,Sarepta Therapeutics Inc. Common Stock (DE),$72.60,-0.22,-0.302%,6352569769.00,United States,,476399,Health Care,Biotechnology: Pharmaceutical Preparations
SSB,SouthState Corporation Common Stock,$79.31,-1.51,-1.868%,5985965950.00,United States,,204728,Finance,Major Banks
SSNC,SS&C Technologies Holdings Inc. Common Stock,$64.43,0.44,0.688%,16415533645.00,United States,2010,1984097,Technology,EDP Services
STAA,STAAR Surgical Company Common Stock,$65.20,-0.74,-1.122%,3117294413.00,United States,,389437,Health Care,Ophthalmic Goods
STLD,Steel Dynamics Inc.,$83.97,-1.41,-1.651%,15844299972.00,United States,1996,2425222,Industrials,Steel/Iron Ore
SWAV,ShockWave Medical Inc. Common Stock,$158.70,-5.51,-3.355%,5680177228.00,United States,2019,343160,Health Care,Medical/Dental Instruments
SWKS,Skyworks Solutions Inc. Common Stock,$107.27,-1.60,-1.47%,17262546394.00,United States,,1599921,Technology,Semiconductors
SYNA,Synaptics Incorporated Common Stock $0.001 Par Value,$145.19,-2.93,-1.978%,5750566609.00,United States,2002,401925,Technology,Computer peripheral equipment
SYNH,Syneos Health Inc. Class A Common Stock,$72.16,-1.73,-2.341%,7401813948.00,United States,2014,386170,Health Care,Biotechnology: Commercial Physical & Biological Resarch
TASK,TaskUs Inc. Class A Common Stock,$24.20,-0.38,-1.546%,2365706477.00,United States,2021,352298,Technology,Retail: Computer Software & Peripheral Equipment
TCBI,Texas Capital Bancshares Inc. Common Stock,$55.64,-0.89,-1.574%,2822240628.00,United States,2003,393481,Finance,Major Banks
TECH,Bio-Techne Corp Common Stock,$359.95,-9.78,-2.645%,14122102284.00,United States,,180302,Health Care,Biotechnology: Biological Products (No Diagnostic Substances)
TENB,Tenable Holdings Inc. Common Stock,$50.46,0.16,0.318%,5579977106.00,United States,2018,880459,Technology,EDP Services
TER,Teradyne Inc. Common Stock,$106.64,-2.62,-2.398%,17084049733.00,United States,,1453867,Industrials,Electrical Products
TFSL,TFS Financial Corporation Common Stock,$14.90,-0.12,-0.799%,4183877028.00,United States,2007,283763,Finance,Savings Institutions
THRM,Gentherm Inc Common Stock,$68.28,-0.66,-0.957%,2262229745.00,United States,,190605,Consumer Discretionary,Auto Parts:O.E.M.
TMUS,T-Mobile US Inc. Common Stock,$134.56,1.27,0.953%,168682375128.00,United States,,3772843,Telecommunications,Telecommunications Equipment
TNDM,Tandem Diabetes Care Inc. Common Stock,$65.67,-2.50,-3.667%,4200432610.00,United States,2013,946937,Health Care,Medical/Dental Instruments
TOWN,TowneBank Common Stock,$29.24,-0.24,-0.814%,2126457801.00,United States,,166520,Finance,Major Banks
TPG,TPG Inc. Class A Common Stock,$28.70,-0.47,-1.611%,2269325216.00,United States,2022,383147,Finance,Trusts Except Educational Religious and Charitable
TRIP,TripAdvisor Inc. Common Stock,$24.23,-0.61,-2.456%,3382978450.00,United States,,3681635,,
TRMB,Trimble Inc. Common Stock,$67.24,-0.81,-1.19%,16819579817.00,United States,1990,979404,Industrials,Industrial Machinery/Components
TROW,T. Rowe Price Group Inc. Common Stock,$123.89,-3.20,-2.518%,28159778128.00,United States,1986,1442055,Finance,Investment Managers
TRUP,Trupanion Inc. Common Stock,$65.22,-1.66,-2.482%,2655789249.00,United States,,269322,Health Care,Medical Specialities
TSCO,Tractor Supply Company Common Stock,$190.66,3.30,1.761%,21331351194.00,United States,1994,1565400,Consumer Discretionary,Other Specialty Stores
TSLA,Tesla Inc. Common Stock,$740.37,-17.89,-2.359%,767030668172.00,United States,2010,25675526,Consumer Discretionary,Auto Manufacturing
TTD,The Trade Desk Inc. Class A Common Stock,$51.56,-0.49,-0.941%,25074957784.00,United States,2016,6037247,Technology,EDP Services
TTEC,TTEC Holdings Inc. Common Stock,$66.96,-0.48,-0.712%,3149506053.00,United States,1996,64396,Technology,Retail: Computer Software & Peripheral Equipment
TTEK,Tetra Tech Inc. Common Stock,$135.12,0.15,0.111%,7253690604.00,United States,1991,377974,Consumer Discretionary,Military/Government/Technical
TTGT,TechTarget Inc. Common Stock,$70.79,-0.30,-0.422%,2091869630.00,United States,2007,141287,Technology,Interactive Media
TTWO,Take-Two Interactive Software Inc. Common Stock,$124.63,0.10,0.08%,20204992419.00,United States,1997,2051528,Technology,Computer Software: Prepackaged Software
TW,Tradeweb Markets Inc. Class A Common Stock,$67.27,-0.34,-0.503%,13756644770.00,United States,2019,606524,Finance,Investment Bankers/Brokers/Service
TWKS,Thoughtworks Holding Inc. Common Stock,$17.07,-0.24,-1.386%,5297254578.00,United States,2021,522562,Technology,EDP Services
TWNK,Hostess Brands Inc. Class A Common Stock,$20.96,-0.29,-1.365%,2898490217.00,United States,2015,1078624,Consumer Staples,Specialty Foods
TXG,10x Genomics Inc. Class A Common Stock,$46.14,-5.05,-9.865%,5230981542.00,United States,2019,1470098,Health Care,Managed Health Care
TXN,Texas Instruments Incorporated Common Stock,$174.42,-2.34,-1.324%,160838585245.00,United States,,4681225,Technology,Semiconductors
TXRH,Texas Roadhouse Inc. Common Stock,$75.99,-1.98,-2.539%,5180082445.00,United States,2004,1390473,Consumer Discretionary,Restaurants
UAL,United Airlines Holdings Inc. Common Stock,$45.49,-2.14,-4.493%,14862992371.00,United States,,12457534,Consumer Discretionary,Air Freight/Delivery Services
UBSI,United Bankshares Inc. Common Stock,$37.08,-0.48,-1.278%,5016630475.00,United States,,449614,Finance,Major Banks
UCBI,United Community Banks Inc. Common Stock,$31.22,-0.21,-0.668%,3310175896.00,United States,,434299,Finance,Major Banks
UFPI,UFP Industries Inc. Common Stock,$77.86,0.66,0.855%,4884481775.00,United States,1993,173614,Basic Materials,Forest Products
ULCC,Frontier Group Holdings Inc. Common Stock,$10.18,-0.57,-5.302%,2215066801.00,United States,2021,2780839,Consumer Discretionary,Air Freight/Delivery Services
ULTA,Ulta Beauty Inc. Common Stock,$407.32,-15.78,-3.73%,21106536680.00,United States,2007,1111664,,
UMBF,UMB Financial Corporation Common Stock,$91.46,-0.89,-0.964%,4427041730.00,United States,,117676,Finance,Commercial Banks
UMPQ,Umpqua Holdings Corporation Common Stock,$17.45,-0.20,-1.133%,3787459820.00,United States,,1720115,Finance,Commercial Banks
UNIT,Uniti Group Inc. Common Stock,$11.15,-0.19,-1.675%,2643736494.00,United States,,1405312,Real Estate,Real Estate Investment Trusts
UPST,Upstart Holdings Inc. Common stock,$45.96,-4.44,-8.81%,3896200355.00,United States,2020,10198959,Finance,Finance: Consumer Services
UPWK,Upwork Inc. Common Stock,$18.04,-0.21,-1.151%,2338907973.00,United States,2018,861624,,
URBN,Urban Outfitters Inc. Common Stock,$21.96,0.91,4.323%,2073784277.00,United States,1993,3433840,Consumer Discretionary,Clothing/Shoe/Accessory Stores
UTHR,United Therapeutics Corporation Common Stock,$231.29,0.95,0.412%,10477324130.00,United States,1999,436440,Health Care,Biotechnology: Pharmaceutical Preparations
VC,Visteon Corporation Common Stock,$113.00,0.79,0.704%,3176570798.00,United States,,355300,Consumer Discretionary,Auto Parts:O.E.M.
VG,Vonage Holdings Corp. Common Stock,$19.33,-0.04,-0.207%,4959737985.00,United States,2006,2818337,Telecommunications,Telecommunications Equipment
VIAV,Viavi Solutions Inc. Common Stock,$14.59,0.12,0.829%,3324053458.00,United States,,1292220,Technology,Radio And Television Broadcasting And Communications Equipment
VICR,Vicor Corporation Common Stock,$67.26,-0.04,-0.059%,2957179122.00,United States,,260970,Technology,Industrial Machinery/Components
VIR,Vir Biotechnology Inc. Common Stock,$25.52,-0.29,-1.124%,3378227838.00,United States,2019,783867,Health Care,Biotechnology: Pharmaceutical Preparations
VIRT,Virtu Financial Inc. Class A Common Stock,$26.05,-0.08,-0.306%,4746150131.00,United States,2015,1059487,Finance,Investment Bankers/Brokers/Service
VLY,Valley National Bancorp Common Stock,$12.59,-0.12,-0.944%,6374385666.00,United States,,2218300,Finance,Major Banks
VNOM,Viper Energy Partners LP Common Unit,$33.82,0.26,0.775%,2602996985.00,United States,2014,583059,Energy,Oil & Gas Production
VRNS,Varonis Systems Inc. Common Stock,$32.49,-0.58,-1.754%,3559918708.00,United States,2014,1059263,Technology,Computer Software: Prepackaged Software
VRNT,Verint Systems Inc. Common Stock,$51.72,0.68,1.332%,3345069873.00,United States,2010,599223,Technology,EDP Services
VRRM,Verra Mobility Corporation Class A Common Stock,$16.09,0.14,0.878%,2513664514.00,United States,2017,789487,Consumer Discretionary,Other Consumer Services
VRSK,Verisk Analytics Inc. Common Stock,$171.23,-3.69,-2.11%,27037558090.00,United States,2009,973069,Consumer Discretionary,Business Services
VRSN,VeriSign Inc. Common Stock,$174.37,-0.18,-0.103%,19101326079.00,United States,1998,815097,Technology,EDP Services
VRTX,Vertex Pharmaceuticals Incorporated Common Stock,$269.41,0.76,0.283%,68903213453.00,United States,1991,1376908,Health Care,Biotechnology: Pharmaceutical Preparations
VSAT,ViaSat Inc. Common Stock,$38.36,-1.13,-2.861%,2855404816.00,United States,1996,600582,Technology,Radio And Television Broadcasting And Communications Equipment
VTRS,Viatris Inc. Common Stock,$12.07,-0.20,-1.63%,14632785780.00,United States,,8690177,Consumer Discretionary,Specialty Chemicals
WAFD,Washington Federal Inc. Common Stock,$32.41,-0.04,-0.123%,2116623140.00,United States,,375749,Finance,Major Banks
WBA,Walgreens Boots Alliance Inc. Common Stock,$43.26,-0.57,-1.30%,37366840053.00,United States,,4690999,Consumer Staples,Retail-Drug Stores and Proprietary Stores
WBD,Warner Bros. Discovery Inc. Series A Common Stock ,$17.66,-0.79,-4.282%,42858072192.00,United States,,15618041,Telecommunications,Cable & Other Pay Television Services
WDAY,Workday Inc. Class A Common Stock,$156.56,0.26,0.166%,39766240000.00,United States,,4464361,Technology,Computer Software: Prepackaged Software
WDC,Western Digital Corporation Common Stock,$60.28,-0.41,-0.676%,18877756069.00,United States,,2015799,Technology,Electronic Components
WDFC,WD-40 Company Common Stock,$188.07,-0.72,-0.381%,2569220509.00,United States,1973,70140,Industrials,Industrial Specialties
WEN,Wendy's Company (The) Common Stock,$18.54,-0.10,-0.536%,3972134930.00,United States,,2605313,Consumer Discretionary,Restaurants
WERN,Werner Enterprises Inc. Common Stock,$40.75,0.18,0.444%,2651103842.00,United States,1986,591726,Industrials,Trucking Freight/Courier Services
WFRD,Weatherford International plc Ordinary Shares,$34.20,0.36,1.064%,2411876340.00,United States,,662689,Industrials,Metal Fabrications
WING,Wingstop Inc. Common Stock,$74.13,-5.53,-6.942%,2214768667.00,United States,2015,707665,Consumer Discretionary,Restaurants
WIRE,Encore Wire Corporation Common Stock,$125.01,-0.01,-0.008%,2466156152.00,United States,1992,126339,Industrials,Metal Fabrications
WMG,Warner Music Group Corp. Class A Common Stock,$29.33,-0.36,-1.213%,15100515920.00,United States,2020,1129840,Consumer Discretionary,Movies/Entertainment
WOOF,Petco Health and Wellness Company Inc. Class A Common Stock,$15.63,-0.33,-2.068%,4736809560.00,United States,2021,3874967,Miscellaneous,Diversified Commercial Services
WSBC,WesBanco Inc. Common Stock,$33.61,-0.45,-1.321%,2025823055.00,United States,,281915,Finance,Major Banks
WSC,WillScot Mobile Mini Holdings Corp. Class A Common Stock,$36.31,0.58,1.623%,8079758425.00,United States,2015,3388207,Consumer Discretionary,Diversified Commercial Services
WSFS,WSFS Financial Corporation Common Stock,$42.37,-0.41,-0.958%,2740342246.00,United States,,225155,Finance,Major Banks
WTFC,Wintrust Financial Corporation Common Stock,$86.71,-0.68,-0.778%,4965696574.00,United States,,312576,Finance,Major Banks
WWD,Woodward Inc. Common Stock,$101.38,-0.23,-0.226%,6148196284.00,United States,,264961,Industrials,Military/Government/Technical
WYNN,Wynn Resorts Limited Common stock,$65.13,-0.97,-1.467%,7552797194.00,United States,2002,3005952,Consumer Discretionary,Hotels/Resorts
XEL,Xcel Energy Inc. Common Stock,$75.12,-0.22,-0.292%,40914354694.00,United States,,2314349,Utilities,Power Generation
XM,Qualtrics International Inc. Class A Common Stock,$14.17,-0.03,-0.211%,8251547050.00,United States,2021,1632676,Technology,Computer Software: Prepackaged Software
XRAY,DENTSPLY SIRONA Inc. Common Stock,$39.04,-0.52,-1.314%,8411228746.00,United States,1987,2058044,Health Care,Medical/Dental Instruments
ZBRA,Zebra Technologies Corporation Class A Common Stock,$334.55,-3.64,-1.076%,17568500823.00,United States,1991,334341,Technology,Computer peripheral equipment
ZD,Ziff Davis Inc. Common Stock,$76.06,-0.28,-0.367%,3597363043.00,United States,,310598,Consumer Discretionary,Advertising
ZG,Zillow Group Inc. Class A Common Stock,$39.26,-0.70,-1.752%,9670109753.00,United States,2011,1112436,Consumer Discretionary,Business Services
ZI,ZoomInfo Technologies Inc Common Stock,$40.90,0.51,1.263%,16498761307.00,United States,2020,4517784,Technology,Computer Software: Prepackaged Software
ZION,Zions Bancorporation N.A. Common Stock,$56.00,-1.04,-1.823%,8476089888.00,United States,,1096245,Finance,Major Banks
ZM,Zoom Video Communications Inc. Class A Common Stock,$107.65,0.20,0.186%,32120378459.00,United States,2019,4698107,Technology,Computer Software: Prepackaged Software
ZS,Zscaler Inc. Common Stock,$148.94,-4.15,-2.711%,21013249944.00,United States,2018,2212135,Technology,EDP Services
